Post ID,Title,Body,URL,Subreddit,Upvotes,Created At,Comment Count,Comments (JSON)
post_0,Is apple vision pro worth the price?,Discussion about apple vision pro. Many users are interested in learning more about this product.,https://reddit.com/r/example/post_0,r/AskReddit,1419,2025-11-15T05:43:50.920Z,24,"[{""id"":""comment_0_0"",""body"":""Comment about apple vision pro. This is a sample response."",""upvotes"":91},{""id"":""comment_0_1"",""body"":""Comment about apple vision pro. This is a sample response."",""upvotes"":304},{""id"":""comment_0_2"",""body"":""Comment about apple vision pro. This is a sample response."",""upvotes"":112},{""id"":""comment_0_3"",""body"":""Comment about apple vision pro. This is a sample response."",""upvotes"":234},{""id"":""comment_0_4"",""body"":""Comment about apple vision pro. This is a sample response."",""upvotes"":329},{""id"":""comment_0_5"",""body"":""Comment about apple vision pro. This is a sample response."",""upvotes"":244},{""id"":""comment_0_6"",""body"":""Comment about apple vision pro. This is a sample response."",""upvotes"":367},{""id"":""comment_0_7"",""body"":""Comment about apple vision pro. This is a sample response."",""upvotes"":60},{""id"":""comment_0_8"",""body"":""Comment about apple vision pro. This is a sample response."",""upvotes"":84},{""id"":""comment_0_9"",""body"":""Comment about apple vision pro. This is a sample response."",""upvotes"":186},{""id"":""comment_0_10"",""body"":""Comment about apple vision pro. This is a sample response."",""upvotes"":314},{""id"":""comment_0_11"",""body"":""Comment about apple vision pro. This is a sample response."",""upvotes"":99},{""id"":""comment_0_12"",""body"":""Comment about apple vision pro. This is a sample response."",""upvotes"":418},{""id"":""comment_0_13"",""body"":""Comment about apple vision pro. This is a sample response."",""upvotes"":72},{""id"":""comment_0_14"",""body"":""Comment about apple vision pro. This is a sample response."",""upvotes"":131},{""id"":""comment_0_15"",""body"":""Comment about apple vision pro. This is a sample response."",""upvotes"":211},{""id"":""comment_0_16"",""body"":""Comment about apple vision pro. This is a sample response."",""upvotes"":70},{""id"":""comment_0_17"",""body"":""Comment about apple vision pro. This is a sample response."",""upvotes"":36},{""id"":""comment_0_18"",""body"":""Comment about apple vision pro. This is a sample response."",""upvotes"":146},{""id"":""comment_0_19"",""body"":""Comment about apple vision pro. This is a sample response."",""upvotes"":259},{""id"":""comment_0_20"",""body"":""Comment about apple vision pro. This is a sample response."",""upvotes"":143},{""id"":""comment_0_21"",""body"":""Comment about apple vision pro. This is a sample response."",""upvotes"":343},{""id"":""comment_0_22"",""body"":""Comment about apple vision pro. This is a sample response."",""upvotes"":489},{""id"":""comment_0_23"",""body"":""Comment about apple vision pro. This is a sample response."",""upvotes"":200}]"
post_1,How does apple vision pro compare to competitors?,Discussion about apple vr. Many users are interested in learning more about this product.,https://reddit.com/r/example/post_1,r/personalfinance,270,2025-10-28T03:41:19.291Z,13,"[{""id"":""comment_1_0"",""body"":""Comment about apple vision pro. This is a sample response."",""upvotes"":338},{""id"":""comment_1_1"",""body"":""Comment about apple vision pro. This is a sample response."",""upvotes"":252},{""id"":""comment_1_2"",""body"":""Comment about apple vision pro. This is a sample response."",""upvotes"":18},{""id"":""comment_1_3"",""body"":""Comment about apple vision pro. This is a sample response."",""upvotes"":358},{""id"":""comment_1_4"",""body"":""Comment about apple vision pro. This is a sample response."",""upvotes"":303},{""id"":""comment_1_5"",""body"":""Comment about apple vision pro. This is a sample response."",""upvotes"":220},{""id"":""comment_1_6"",""body"":""Comment about apple vision pro. This is a sample response."",""upvotes"":190},{""id"":""comment_1_7"",""body"":""Comment about apple vision pro. This is a sample response."",""upvotes"":261},{""id"":""comment_1_8"",""body"":""Comment about apple vision pro. This is a sample response."",""upvotes"":130},{""id"":""comment_1_9"",""body"":""Comment about apple vision pro. This is a sample response."",""upvotes"":168},{""id"":""comment_1_10"",""body"":""Comment about apple vision pro. This is a sample response."",""upvotes"":378},{""id"":""comment_1_11"",""body"":""Comment about apple vision pro. This is a sample response."",""upvotes"":130},{""id"":""comment_1_12"",""body"":""Comment about apple vision pro. This is a sample response."",""upvotes"":317}]"
post_2,What are the pros and cons of apple vision pro?,Discussion about spatial computing. Many users are interested in learning more about this product.,https://reddit.com/r/example/post_2,r/technology,1702,2025-10-31T09:18:51.813Z,17,"[{""id"":""comment_2_0"",""body"":""Comment about apple vision pro. This is a sample response."",""upvotes"":73},{""id"":""comment_2_1"",""body"":""Comment about apple vision pro. This is a sample response."",""upvotes"":120},{""id"":""comment_2_2"",""body"":""Comment about apple vision pro. This is a sample response."",""upvotes"":98},{""id"":""comment_2_3"",""body"":""Comment about apple vision pro. This is a sample response."",""upvotes"":109},{""id"":""comment_2_4"",""body"":""Comment about apple vision pro. This is a sample response."",""upvotes"":470},{""id"":""comment_2_5"",""body"":""Comment about apple vision pro. This is a sample response."",""upvotes"":372},{""id"":""comment_2_6"",""body"":""Comment about apple vision pro. This is a sample response."",""upvotes"":181},{""id"":""comment_2_7"",""body"":""Comment about apple vision pro. This is a sample response."",""upvotes"":392},{""id"":""comment_2_8"",""body"":""Comment about apple vision pro. This is a sample response."",""upvotes"":371},{""id"":""comment_2_9"",""body"":""Comment about apple vision pro. This is a sample response."",""upvotes"":245},{""id"":""comment_2_10"",""body"":""Comment about apple vision pro. This is a sample response."",""upvotes"":364},{""id"":""comment_2_11"",""body"":""Comment about apple vision pro. This is a sample response."",""upvotes"":14},{""id"":""comment_2_12"",""body"":""Comment about apple vision pro. This is a sample response."",""upvotes"":297},{""id"":""comment_2_13"",""body"":""Comment about apple vision pro. This is a sample response."",""upvotes"":340},{""id"":""comment_2_14"",""body"":""Comment about apple vision pro. This is a sample response."",""upvotes"":20},{""id"":""comment_2_15"",""body"":""Comment about apple vision pro. This is a sample response."",""upvotes"":248},{""id"":""comment_2_16"",""body"":""Comment about apple vision pro. This is a sample response."",""upvotes"":464}]"
post_3,Should I buy apple vision pro in 2025?,Discussion about apple vision pro. Many users are interested in learning more about this product.,https://reddit.com/r/example/post_3,r/AskReddit,844,2025-10-24T11:57:44.028Z,14,"[{""id"":""comment_3_0"",""body"":""Comment about apple vision pro. This is a sample response."",""upvotes"":7},{""id"":""comment_3_1"",""body"":""Comment about apple vision pro. This is a sample response."",""upvotes"":18},{""id"":""comment_3_2"",""body"":""Comment about apple vision pro. This is a sample response."",""upvotes"":58},{""id"":""comment_3_3"",""body"":""Comment about apple vision pro. This is a sample response."",""upvotes"":260},{""id"":""comment_3_4"",""body"":""Comment about apple vision pro. This is a sample response."",""upvotes"":152},{""id"":""comment_3_5"",""body"":""Comment about apple vision pro. This is a sample response."",""upvotes"":319},{""id"":""comment_3_6"",""body"":""Comment about apple vision pro. This is a sample response."",""upvotes"":428},{""id"":""comment_3_7"",""body"":""Comment about apple vision pro. This is a sample response."",""upvotes"":109},{""id"":""comment_3_8"",""body"":""Comment about apple vision pro. This is a sample response."",""upvotes"":181},{""id"":""comment_3_9"",""body"":""Comment about apple vision pro. This is a sample response."",""upvotes"":472},{""id"":""comment_3_10"",""body"":""Comment about apple vision pro. This is a sample response."",""upvotes"":208},{""id"":""comment_3_11"",""body"":""Comment about apple vision pro. This is a sample response."",""upvotes"":355},{""id"":""comment_3_12"",""body"":""Comment about apple vision pro. This is a sample response."",""upvotes"":340},{""id"":""comment_3_13"",""body"":""Comment about apple vision pro. This is a sample response."",""upvotes"":463}]"
post_4,Anyone have experience with apple vision pro?,Discussion about apple vr. Many users are interested in learning more about this product.,https://reddit.com/r/example/post_4,r/personalfinance,1199,2025-10-28T17:34:32.749Z,23,"[{""id"":""comment_4_0"",""body"":""Comment about apple vision pro. This is a sample response."",""upvotes"":367},{""id"":""comment_4_1"",""body"":""Comment about apple vision pro. This is a sample response."",""upvotes"":235},{""id"":""comment_4_2"",""body"":""Comment about apple vision pro. This is a sample response."",""upvotes"":78},{""id"":""comment_4_3"",""body"":""Comment about apple vision pro. This is a sample response."",""upvotes"":63},{""id"":""comment_4_4"",""body"":""Comment about apple vision pro. This is a sample response."",""upvotes"":107},{""id"":""comment_4_5"",""body"":""Comment about apple vision pro. This is a sample response."",""upvotes"":128},{""id"":""comment_4_6"",""body"":""Comment about apple vision pro. This is a sample response."",""upvotes"":417},{""id"":""comment_4_7"",""body"":""Comment about apple vision pro. This is a sample response."",""upvotes"":412},{""id"":""comment_4_8"",""body"":""Comment about apple vision pro. This is a sample response."",""upvotes"":348},{""id"":""comment_4_9"",""body"":""Comment about apple vision pro. This is a sample response."",""upvotes"":84},{""id"":""comment_4_10"",""body"":""Comment about apple vision pro. This is a sample response."",""upvotes"":31},{""id"":""comment_4_11"",""body"":""Comment about apple vision pro. This is a sample response."",""upvotes"":241},{""id"":""comment_4_12"",""body"":""Comment about apple vision pro. This is a sample response."",""upvotes"":8},{""id"":""comment_4_13"",""body"":""Comment about apple vision pro. This is a sample response."",""upvotes"":53},{""id"":""comment_4_14"",""body"":""Comment about apple vision pro. This is a sample response."",""upvotes"":235},{""id"":""comment_4_15"",""body"":""Comment about apple vision pro. This is a sample response."",""upvotes"":388},{""id"":""comment_4_16"",""body"":""Comment about apple vision pro. This is a sample response."",""upvotes"":381},{""id"":""comment_4_17"",""body"":""Comment about apple vision pro. This is a sample response."",""upvotes"":414},{""id"":""comment_4_18"",""body"":""Comment about apple vision pro. This is a sample response."",""upvotes"":292},{""id"":""comment_4_19"",""body"":""Comment about apple vision pro. This is a sample response."",""upvotes"":163},{""id"":""comment_4_20"",""body"":""Comment about apple vision pro. This is a sample response."",""upvotes"":466},{""id"":""comment_4_21"",""body"":""Comment about apple vision pro. This is a sample response."",""upvotes"":218},{""id"":""comment_4_22"",""body"":""Comment about apple vision pro. This is a sample response."",""upvotes"":91}]"
post_5,apple vision pro battery life - how long?,Discussion about spatial computing. Many users are interested in learning more about this product.,https://reddit.com/r/example/post_5,r/technology,588,2025-10-17T23:39:46.707Z,23,"[{""id"":""comment_5_0"",""body"":""Comment about apple vision pro. This is a sample response."",""upvotes"":19},{""id"":""comment_5_1"",""body"":""Comment about apple vision pro. This is a sample response."",""upvotes"":146},{""id"":""comment_5_2"",""body"":""Comment about apple vision pro. This is a sample response."",""upvotes"":410},{""id"":""comment_5_3"",""body"":""Comment about apple vision pro. This is a sample response."",""upvotes"":136},{""id"":""comment_5_4"",""body"":""Comment about apple vision pro. This is a sample response."",""upvotes"":331},{""id"":""comment_5_5"",""body"":""Comment about apple vision pro. This is a sample response."",""upvotes"":441},{""id"":""comment_5_6"",""body"":""Comment about apple vision pro. This is a sample response."",""upvotes"":75},{""id"":""comment_5_7"",""body"":""Comment about apple vision pro. This is a sample response."",""upvotes"":495},{""id"":""comment_5_8"",""body"":""Comment about apple vision pro. This is a sample response."",""upvotes"":157},{""id"":""comment_5_9"",""body"":""Comment about apple vision pro. This is a sample response."",""upvotes"":301},{""id"":""comment_5_10"",""body"":""Comment about apple vision pro. This is a sample response."",""upvotes"":247},{""id"":""comment_5_11"",""body"":""Comment about apple vision pro. This is a sample response."",""upvotes"":12},{""id"":""comment_5_12"",""body"":""Comment about apple vision pro. This is a sample response."",""upvotes"":398},{""id"":""comment_5_13"",""body"":""Comment about apple vision pro. This is a sample response."",""upvotes"":438},{""id"":""comment_5_14"",""body"":""Comment about apple vision pro. This is a sample response."",""upvotes"":171},{""id"":""comment_5_15"",""body"":""Comment about apple vision pro. This is a sample response."",""upvotes"":136},{""id"":""comment_5_16"",""body"":""Comment about apple vision pro. This is a sample response."",""upvotes"":136},{""id"":""comment_5_17"",""body"":""Comment about apple vision pro. This is a sample response."",""upvotes"":450},{""id"":""comment_5_18"",""body"":""Comment about apple vision pro. This is a sample response."",""upvotes"":71},{""id"":""comment_5_19"",""body"":""Comment about apple vision pro. This is a sample response."",""upvotes"":284},{""id"":""comment_5_20"",""body"":""Comment about apple vision pro. This is a sample response."",""upvotes"":349},{""id"":""comment_5_21"",""body"":""Comment about apple vision pro. This is a sample response."",""upvotes"":432},{""id"":""comment_5_22"",""body"":""Comment about apple vision pro. This is a sample response."",""upvotes"":374}]"
post_6,Is apple vision pro compatible with my setup?,Discussion about apple vision pro. Many users are interested in learning more about this product.,https://reddit.com/r/example/post_6,r/AskReddit,856,2025-11-03T18:29:31.401Z,8,"[{""id"":""comment_6_0"",""body"":""Comment about apple vision pro. This is a sample response."",""upvotes"":144},{""id"":""comment_6_1"",""body"":""Comment about apple vision pro. This is a sample response."",""upvotes"":471},{""id"":""comment_6_2"",""body"":""Comment about apple vision pro. This is a sample response."",""upvotes"":469},{""id"":""comment_6_3"",""body"":""Comment about apple vision pro. This is a sample response."",""upvotes"":333},{""id"":""comment_6_4"",""body"":""Comment about apple vision pro. This is a sample response."",""upvotes"":323},{""id"":""comment_6_5"",""body"":""Comment about apple vision pro. This is a sample response."",""upvotes"":404},{""id"":""comment_6_6"",""body"":""Comment about apple vision pro. This is a sample response."",""upvotes"":233},{""id"":""comment_6_7"",""body"":""Comment about apple vision pro. This is a sample response."",""upvotes"":143}]"
post_7,apple vision pro customer support - any experiences?,Discussion about apple vr. Many users are interested in learning more about this product.,https://reddit.com/r/example/post_7,r/personalfinance,1269,2025-11-04T04:57:45.800Z,0,[]
post_8,Where to buy apple vision pro at best price?,Discussion about spatial computing. Many users are interested in learning more about this product.,https://reddit.com/r/example/post_8,r/technology,1955,2025-11-11T04:08:07.707Z,17,"[{""id"":""comment_8_0"",""body"":""Comment about apple vision pro. This is a sample response."",""upvotes"":60},{""id"":""comment_8_1"",""body"":""Comment about apple vision pro. This is a sample response."",""upvotes"":117},{""id"":""comment_8_2"",""body"":""Comment about apple vision pro. This is a sample response."",""upvotes"":288},{""id"":""comment_8_3"",""body"":""Comment about apple vision pro. This is a sample response."",""upvotes"":283},{""id"":""comment_8_4"",""body"":""Comment about apple vision pro. This is a sample response."",""upvotes"":203},{""id"":""comment_8_5"",""body"":""Comment about apple vision pro. This is a sample response."",""upvotes"":479},{""id"":""comment_8_6"",""body"":""Comment about apple vision pro. This is a sample response."",""upvotes"":198},{""id"":""comment_8_7"",""body"":""Comment about apple vision pro. This is a sample response."",""upvotes"":1},{""id"":""comment_8_8"",""body"":""Comment about apple vision pro. This is a sample response."",""upvotes"":317},{""id"":""comment_8_9"",""body"":""Comment about apple vision pro. This is a sample response."",""upvotes"":177},{""id"":""comment_8_10"",""body"":""Comment about apple vision pro. This is a sample response."",""upvotes"":473},{""id"":""comment_8_11"",""body"":""Comment about apple vision pro. This is a sample response."",""upvotes"":144},{""id"":""comment_8_12"",""body"":""Comment about apple vision pro. This is a sample response."",""upvotes"":376},{""id"":""comment_8_13"",""body"":""Comment about apple vision pro. This is a sample response."",""upvotes"":272},{""id"":""comment_8_14"",""body"":""Comment about apple vision pro. This is a sample response."",""upvotes"":485},{""id"":""comment_8_15"",""body"":""Comment about apple vision pro. This is a sample response."",""upvotes"":318},{""id"":""comment_8_16"",""body"":""Comment about apple vision pro. This is a sample response."",""upvotes"":360}]"
post_9,apple vision pro vs alternatives - which is better?,Discussion about apple vision pro. Many users are interested in learning more about this product.,https://reddit.com/r/example/post_9,r/AskReddit,869,2025-11-08T02:36:00.792Z,22,"[{""id"":""comment_9_0"",""body"":""Comment about apple vision pro. This is a sample response."",""upvotes"":178},{""id"":""comment_9_1"",""body"":""Comment about apple vision pro. This is a sample response."",""upvotes"":357},{""id"":""comment_9_2"",""body"":""Comment about apple vision pro. This is a sample response."",""upvotes"":213},{""id"":""comment_9_3"",""body"":""Comment about apple vision pro. This is a sample response."",""upvotes"":441},{""id"":""comment_9_4"",""body"":""Comment about apple vision pro. This is a sample response."",""upvotes"":348},{""id"":""comment_9_5"",""body"":""Comment about apple vision pro. This is a sample response."",""upvotes"":389},{""id"":""comment_9_6"",""body"":""Comment about apple vision pro. This is a sample response."",""upvotes"":118},{""id"":""comment_9_7"",""body"":""Comment about apple vision pro. This is a sample response."",""upvotes"":237},{""id"":""comment_9_8"",""body"":""Comment about apple vision pro. This is a sample response."",""upvotes"":275},{""id"":""comment_9_9"",""body"":""Comment about apple vision pro. This is a sample response."",""upvotes"":83},{""id"":""comment_9_10"",""body"":""Comment about apple vision pro. This is a sample response."",""upvotes"":94},{""id"":""comment_9_11"",""body"":""Comment about apple vision pro. This is a sample response."",""upvotes"":155},{""id"":""comment_9_12"",""body"":""Comment about apple vision pro. This is a sample response."",""upvotes"":259},{""id"":""comment_9_13"",""body"":""Comment about apple vision pro. This is a sample response."",""upvotes"":317},{""id"":""comment_9_14"",""body"":""Comment about apple vision pro. This is a sample response."",""upvotes"":301},{""id"":""comment_9_15"",""body"":""Comment about apple vision pro. This is a sample response."",""upvotes"":403},{""id"":""comment_9_16"",""body"":""Comment about apple vision pro. This is a sample response."",""upvotes"":330},{""id"":""comment_9_17"",""body"":""Comment about apple vision pro. This is a sample response."",""upvotes"":78},{""id"":""comment_9_18"",""body"":""Comment about apple vision pro. This is a sample response."",""upvotes"":3},{""id"":""comment_9_19"",""body"":""Comment about apple vision pro. This is a sample response."",""upvotes"":333},{""id"":""comment_9_20"",""body"":""Comment about apple vision pro. This is a sample response."",""upvotes"":22},{""id"":""comment_9_21"",""body"":""Comment about apple vision pro. This is a sample response."",""upvotes"":401}]"
post_10,Is apple vision pro worth the price?,Discussion about apple vr. Many users are interested in learning more about this product.,https://reddit.com/r/example/post_10,r/personalfinance,402,2025-10-25T18:38:28.974Z,3,"[{""id"":""comment_10_0"",""body"":""Comment about apple vision pro. This is a sample response."",""upvotes"":161},{""id"":""comment_10_1"",""body"":""Comment about apple vision pro. This is a sample response."",""upvotes"":149},{""id"":""comment_10_2"",""body"":""Comment about apple vision pro. This is a sample response."",""upvotes"":65}]"
post_11,How does apple vision pro compare to competitors?,Discussion about spatial computing. Many users are interested in learning more about this product.,https://reddit.com/r/example/post_11,r/technology,669,2025-11-15T06:08:32.292Z,8,"[{""id"":""comment_11_0"",""body"":""Comment about apple vision pro. This is a sample response."",""upvotes"":145},{""id"":""comment_11_1"",""body"":""Comment about apple vision pro. This is a sample response."",""upvotes"":498},{""id"":""comment_11_2"",""body"":""Comment about apple vision pro. This is a sample response."",""upvotes"":103},{""id"":""comment_11_3"",""body"":""Comment about apple vision pro. This is a sample response."",""upvotes"":56},{""id"":""comment_11_4"",""body"":""Comment about apple vision pro. This is a sample response."",""upvotes"":29},{""id"":""comment_11_5"",""body"":""Comment about apple vision pro. This is a sample response."",""upvotes"":54},{""id"":""comment_11_6"",""body"":""Comment about apple vision pro. This is a sample response."",""upvotes"":234},{""id"":""comment_11_7"",""body"":""Comment about apple vision pro. This is a sample response."",""upvotes"":143}]"
post_12,What are the pros and cons of apple vision pro?,Discussion about apple vision pro. Many users are interested in learning more about this product.,https://reddit.com/r/example/post_12,r/AskReddit,568,2025-10-19T08:29:23.095Z,15,"[{""id"":""comment_12_0"",""body"":""Comment about apple vision pro. This is a sample response."",""upvotes"":456},{""id"":""comment_12_1"",""body"":""Comment about apple vision pro. This is a sample response."",""upvotes"":432},{""id"":""comment_12_2"",""body"":""Comment about apple vision pro. This is a sample response."",""upvotes"":443},{""id"":""comment_12_3"",""body"":""Comment about apple vision pro. This is a sample response."",""upvotes"":226},{""id"":""comment_12_4"",""body"":""Comment about apple vision pro. This is a sample response."",""upvotes"":182},{""id"":""comment_12_5"",""body"":""Comment about apple vision pro. This is a sample response."",""upvotes"":422},{""id"":""comment_12_6"",""body"":""Comment about apple vision pro. This is a sample response."",""upvotes"":211},{""id"":""comment_12_7"",""body"":""Comment about apple vision pro. This is a sample response."",""upvotes"":254},{""id"":""comment_12_8"",""body"":""Comment about apple vision pro. This is a sample response."",""upvotes"":133},{""id"":""comment_12_9"",""body"":""Comment about apple vision pro. This is a sample response."",""upvotes"":345},{""id"":""comment_12_10"",""body"":""Comment about apple vision pro. This is a sample response."",""upvotes"":46},{""id"":""comment_12_11"",""body"":""Comment about apple vision pro. This is a sample response."",""upvotes"":202},{""id"":""comment_12_12"",""body"":""Comment about apple vision pro. This is a sample response."",""upvotes"":320},{""id"":""comment_12_13"",""body"":""Comment about apple vision pro. This is a sample response."",""upvotes"":426},{""id"":""comment_12_14"",""body"":""Comment about apple vision pro. This is a sample response."",""upvotes"":351}]"
post_13,Should I buy apple vision pro in 2025?,Discussion about apple vr. Many users are interested in learning more about this product.,https://reddit.com/r/example/post_13,r/personalfinance,472,2025-11-15T23:32:26.201Z,22,"[{""id"":""comment_13_0"",""body"":""Comment about apple vision pro. This is a sample response."",""upvotes"":259},{""id"":""comment_13_1"",""body"":""Comment about apple vision pro. This is a sample response."",""upvotes"":283},{""id"":""comment_13_2"",""body"":""Comment about apple vision pro. This is a sample response."",""upvotes"":101},{""id"":""comment_13_3"",""body"":""Comment about apple vision pro. This is a sample response."",""upvotes"":329},{""id"":""comment_13_4"",""body"":""Comment about apple vision pro. This is a sample response."",""upvotes"":402},{""id"":""comment_13_5"",""body"":""Comment about apple vision pro. This is a sample response."",""upvotes"":208},{""id"":""comment_13_6"",""body"":""Comment about apple vision pro. This is a sample response."",""upvotes"":75},{""id"":""comment_13_7"",""body"":""Comment about apple vision pro. This is a sample response."",""upvotes"":157},{""id"":""comment_13_8"",""body"":""Comment about apple vision pro. This is a sample response."",""upvotes"":151},{""id"":""comment_13_9"",""body"":""Comment about apple vision pro. This is a sample response."",""upvotes"":209},{""id"":""comment_13_10"",""body"":""Comment about apple vision pro. This is a sample response."",""upvotes"":317},{""id"":""comment_13_11"",""body"":""Comment about apple vision pro. This is a sample response."",""upvotes"":20},{""id"":""comment_13_12"",""body"":""Comment about apple vision pro. This is a sample response."",""upvotes"":161},{""id"":""comment_13_13"",""body"":""Comment about apple vision pro. This is a sample response."",""upvotes"":467},{""id"":""comment_13_14"",""body"":""Comment about apple vision pro. This is a sample response."",""upvotes"":8},{""id"":""comment_13_15"",""body"":""Comment about apple vision pro. This is a sample response."",""upvotes"":402},{""id"":""comment_13_16"",""body"":""Comment about apple vision pro. This is a sample response."",""upvotes"":335},{""id"":""comment_13_17"",""body"":""Comment about apple vision pro. This is a sample response."",""upvotes"":324},{""id"":""comment_13_18"",""body"":""Comment about apple vision pro. This is a sample response."",""upvotes"":119},{""id"":""comment_13_19"",""body"":""Comment about apple vision pro. This is a sample response."",""upvotes"":228},{""id"":""comment_13_20"",""body"":""Comment about apple vision pro. This is a sample response."",""upvotes"":217},{""id"":""comment_13_21"",""body"":""Comment about apple vision pro. This is a sample response."",""upvotes"":93}]"
post_14,Anyone have experience with apple vision pro?,Discussion about spatial computing. Many users are interested in learning more about this product.,https://reddit.com/r/example/post_14,r/technology,153,2025-11-13T17:04:16.955Z,22,"[{""id"":""comment_14_0"",""body"":""Comment about apple vision pro. This is a sample response."",""upvotes"":465},{""id"":""comment_14_1"",""body"":""Comment about apple vision pro. This is a sample response."",""upvotes"":49},{""id"":""comment_14_2"",""body"":""Comment about apple vision pro. This is a sample response."",""upvotes"":431},{""id"":""comment_14_3"",""body"":""Comment about apple vision pro. This is a sample response."",""upvotes"":290},{""id"":""comment_14_4"",""body"":""Comment about apple vision pro. This is a sample response."",""upvotes"":161},{""id"":""comment_14_5"",""body"":""Comment about apple vision pro. This is a sample response."",""upvotes"":277},{""id"":""comment_14_6"",""body"":""Comment about apple vision pro. This is a sample response."",""upvotes"":398},{""id"":""comment_14_7"",""body"":""Comment about apple vision pro. This is a sample response."",""upvotes"":383},{""id"":""comment_14_8"",""body"":""Comment about apple vision pro. This is a sample response."",""upvotes"":190},{""id"":""comment_14_9"",""body"":""Comment about apple vision pro. This is a sample response."",""upvotes"":42},{""id"":""comment_14_10"",""body"":""Comment about apple vision pro. This is a sample response."",""upvotes"":74},{""id"":""comment_14_11"",""body"":""Comment about apple vision pro. This is a sample response."",""upvotes"":496},{""id"":""comment_14_12"",""body"":""Comment about apple vision pro. This is a sample response."",""upvotes"":225},{""id"":""comment_14_13"",""body"":""Comment about apple vision pro. This is a sample response."",""upvotes"":331},{""id"":""comment_14_14"",""body"":""Comment about apple vision pro. This is a sample response."",""upvotes"":418},{""id"":""comment_14_15"",""body"":""Comment about apple vision pro. This is a sample response."",""upvotes"":187},{""id"":""comment_14_16"",""body"":""Comment about apple vision pro. This is a sample response."",""upvotes"":96},{""id"":""comment_14_17"",""body"":""Comment about apple vision pro. This is a sample response."",""upvotes"":97},{""id"":""comment_14_18"",""body"":""Comment about apple vision pro. This is a sample response."",""upvotes"":340},{""id"":""comment_14_19"",""body"":""Comment about apple vision pro. This is a sample response."",""upvotes"":311},{""id"":""comment_14_20"",""body"":""Comment about apple vision pro. This is a sample response."",""upvotes"":461},{""id"":""comment_14_21"",""body"":""Comment about apple vision pro. This is a sample response."",""upvotes"":323}]"
post_15,apple vision pro battery life - how long?,Discussion about apple vision pro. Many users are interested in learning more about this product.,https://reddit.com/r/example/post_15,r/AskReddit,497,2025-11-05T08:32:29.557Z,16,"[{""id"":""comment_15_0"",""body"":""Comment about apple vision pro. This is a sample response."",""upvotes"":429},{""id"":""comment_15_1"",""body"":""Comment about apple vision pro. This is a sample response."",""upvotes"":409},{""id"":""comment_15_2"",""body"":""Comment about apple vision pro. This is a sample response."",""upvotes"":273},{""id"":""comment_15_3"",""body"":""Comment about apple vision pro. This is a sample response."",""upvotes"":81},{""id"":""comment_15_4"",""body"":""Comment about apple vision pro. This is a sample response."",""upvotes"":108},{""id"":""comment_15_5"",""body"":""Comment about apple vision pro. This is a sample response."",""upvotes"":374},{""id"":""comment_15_6"",""body"":""Comment about apple vision pro. This is a sample response."",""upvotes"":13},{""id"":""comment_15_7"",""body"":""Comment about apple vision pro. This is a sample response."",""upvotes"":474},{""id"":""comment_15_8"",""body"":""Comment about apple vision pro. This is a sample response."",""upvotes"":490},{""id"":""comment_15_9"",""body"":""Comment about apple vision pro. This is a sample response."",""upvotes"":8},{""id"":""comment_15_10"",""body"":""Comment about apple vision pro. This is a sample response."",""upvotes"":181},{""id"":""comment_15_11"",""body"":""Comment about apple vision pro. This is a sample response."",""upvotes"":224},{""id"":""comment_15_12"",""body"":""Comment about apple vision pro. This is a sample response."",""upvotes"":388},{""id"":""comment_15_13"",""body"":""Comment about apple vision pro. This is a sample response."",""upvotes"":279},{""id"":""comment_15_14"",""body"":""Comment about apple vision pro. This is a sample response."",""upvotes"":260},{""id"":""comment_15_15"",""body"":""Comment about apple vision pro. This is a sample response."",""upvotes"":404}]"
post_16,Is apple vision pro compatible with my setup?,Discussion about apple vr. Many users are interested in learning more about this product.,https://reddit.com/r/example/post_16,r/personalfinance,531,2025-10-25T11:22:07.610Z,7,"[{""id"":""comment_16_0"",""body"":""Comment about apple vision pro. This is a sample response."",""upvotes"":307},{""id"":""comment_16_1"",""body"":""Comment about apple vision pro. This is a sample response."",""upvotes"":275},{""id"":""comment_16_2"",""body"":""Comment about apple vision pro. This is a sample response."",""upvotes"":461},{""id"":""comment_16_3"",""body"":""Comment about apple vision pro. This is a sample response."",""upvotes"":162},{""id"":""comment_16_4"",""body"":""Comment about apple vision pro. This is a sample response."",""upvotes"":12},{""id"":""comment_16_5"",""body"":""Comment about apple vision pro. This is a sample response."",""upvotes"":292},{""id"":""comment_16_6"",""body"":""Comment about apple vision pro. This is a sample response."",""upvotes"":337}]"
post_17,apple vision pro customer support - any experiences?,Discussion about spatial computing. Many users are interested in learning more about this product.,https://reddit.com/r/example/post_17,r/technology,1290,2025-10-28T10:20:57.645Z,22,"[{""id"":""comment_17_0"",""body"":""Comment about apple vision pro. This is a sample response."",""upvotes"":26},{""id"":""comment_17_1"",""body"":""Comment about apple vision pro. This is a sample response."",""upvotes"":243},{""id"":""comment_17_2"",""body"":""Comment about apple vision pro. This is a sample response."",""upvotes"":476},{""id"":""comment_17_3"",""body"":""Comment about apple vision pro. This is a sample response."",""upvotes"":499},{""id"":""comment_17_4"",""body"":""Comment about apple vision pro. This is a sample response."",""upvotes"":228},{""id"":""comment_17_5"",""body"":""Comment about apple vision pro. This is a sample response."",""upvotes"":33},{""id"":""comment_17_6"",""body"":""Comment about apple vision pro. This is a sample response."",""upvotes"":353},{""id"":""comment_17_7"",""body"":""Comment about apple vision pro. This is a sample response."",""upvotes"":381},{""id"":""comment_17_8"",""body"":""Comment about apple vision pro. This is a sample response."",""upvotes"":56},{""id"":""comment_17_9"",""body"":""Comment about apple vision pro. This is a sample response."",""upvotes"":290},{""id"":""comment_17_10"",""body"":""Comment about apple vision pro. This is a sample response."",""upvotes"":43},{""id"":""comment_17_11"",""body"":""Comment about apple vision pro. This is a sample response."",""upvotes"":380},{""id"":""comment_17_12"",""body"":""Comment about apple vision pro. This is a sample response."",""upvotes"":246},{""id"":""comment_17_13"",""body"":""Comment about apple vision pro. This is a sample response."",""upvotes"":98},{""id"":""comment_17_14"",""body"":""Comment about apple vision pro. This is a sample response."",""upvotes"":326},{""id"":""comment_17_15"",""body"":""Comment about apple vision pro. This is a sample response."",""upvotes"":61},{""id"":""comment_17_16"",""body"":""Comment about apple vision pro. This is a sample response."",""upvotes"":21},{""id"":""comment_17_17"",""body"":""Comment about apple vision pro. This is a sample response."",""upvotes"":287},{""id"":""comment_17_18"",""body"":""Comment about apple vision pro. This is a sample response."",""upvotes"":77},{""id"":""comment_17_19"",""body"":""Comment about apple vision pro. This is a sample response."",""upvotes"":10},{""id"":""comment_17_20"",""body"":""Comment about apple vision pro. This is a sample response."",""upvotes"":83},{""id"":""comment_17_21"",""body"":""Comment about apple vision pro. This is a sample response."",""upvotes"":225}]"
post_18,Where to buy apple vision pro at best price?,Discussion about apple vision pro. Many users are interested in learning more about this product.,https://reddit.com/r/example/post_18,r/AskReddit,361,2025-11-11T09:49:03.295Z,11,"[{""id"":""comment_18_0"",""body"":""Comment about apple vision pro. This is a sample response."",""upvotes"":495},{""id"":""comment_18_1"",""body"":""Comment about apple vision pro. This is a sample response."",""upvotes"":398},{""id"":""comment_18_2"",""body"":""Comment about apple vision pro. This is a sample response."",""upvotes"":440},{""id"":""comment_18_3"",""body"":""Comment about apple vision pro. This is a sample response."",""upvotes"":456},{""id"":""comment_18_4"",""body"":""Comment about apple vision pro. This is a sample response."",""upvotes"":493},{""id"":""comment_18_5"",""body"":""Comment about apple vision pro. This is a sample response."",""upvotes"":29},{""id"":""comment_18_6"",""body"":""Comment about apple vision pro. This is a sample response."",""upvotes"":489},{""id"":""comment_18_7"",""body"":""Comment about apple vision pro. This is a sample response."",""upvotes"":488},{""id"":""comment_18_8"",""body"":""Comment about apple vision pro. This is a sample response."",""upvotes"":128},{""id"":""comment_18_9"",""body"":""Comment about apple vision pro. This is a sample response."",""upvotes"":42},{""id"":""comment_18_10"",""body"":""Comment about apple vision pro. This is a sample response."",""upvotes"":86}]"
post_19,apple vision pro vs alternatives - which is better?,Discussion about apple vr. Many users are interested in learning more about this product.,https://reddit.com/r/example/post_19,r/personalfinance,212,2025-11-01T21:36:31.912Z,20,"[{""id"":""comment_19_0"",""body"":""Comment about apple vision pro. This is a sample response."",""upvotes"":91},{""id"":""comment_19_1"",""body"":""Comment about apple vision pro. This is a sample response."",""upvotes"":428},{""id"":""comment_19_2"",""body"":""Comment about apple vision pro. This is a sample response."",""upvotes"":7},{""id"":""comment_19_3"",""body"":""Comment about apple vision pro. This is a sample response."",""upvotes"":478},{""id"":""comment_19_4"",""body"":""Comment about apple vision pro. This is a sample response."",""upvotes"":442},{""id"":""comment_19_5"",""body"":""Comment about apple vision pro. This is a sample response."",""upvotes"":297},{""id"":""comment_19_6"",""body"":""Comment about apple vision pro. This is a sample response."",""upvotes"":34},{""id"":""comment_19_7"",""body"":""Comment about apple vision pro. This is a sample response."",""upvotes"":423},{""id"":""comment_19_8"",""body"":""Comment about apple vision pro. This is a sample response."",""upvotes"":423},{""id"":""comment_19_9"",""body"":""Comment about apple vision pro. This is a sample response."",""upvotes"":159},{""id"":""comment_19_10"",""body"":""Comment about apple vision pro. This is a sample response."",""upvotes"":78},{""id"":""comment_19_11"",""body"":""Comment about apple vision pro. This is a sample response."",""upvotes"":78},{""id"":""comment_19_12"",""body"":""Comment about apple vision pro. This is a sample response."",""upvotes"":190},{""id"":""comment_19_13"",""body"":""Comment about apple vision pro. This is a sample response."",""upvotes"":400},{""id"":""comment_19_14"",""body"":""Comment about apple vision pro. This is a sample response."",""upvotes"":198},{""id"":""comment_19_15"",""body"":""Comment about apple vision pro. This is a sample response."",""upvotes"":207},{""id"":""comment_19_16"",""body"":""Comment about apple vision pro. This is a sample response."",""upvotes"":142},{""id"":""comment_19_17"",""body"":""Comment about apple vision pro. This is a sample response."",""upvotes"":348},{""id"":""comment_19_18"",""body"":""Comment about apple vision pro. This is a sample response."",""upvotes"":477},{""id"":""comment_19_19"",""body"":""Comment about apple vision pro. This is a sample response."",""upvotes"":422}]"