Comment ID,Post ID,Post Title,Post URL,Comment Body,Comment Upvotes
comment_0_0,post_0,Is apple vision pro worth the price?,https://reddit.com/r/example/post_0,Comment about apple vision pro. This is a sample response.,91
comment_0_1,post_0,Is apple vision pro worth the price?,https://reddit.com/r/example/post_0,Comment about apple vision pro. This is a sample response.,304
comment_0_2,post_0,Is apple vision pro worth the price?,https://reddit.com/r/example/post_0,Comment about apple vision pro. This is a sample response.,112
comment_0_3,post_0,Is apple vision pro worth the price?,https://reddit.com/r/example/post_0,Comment about apple vision pro. This is a sample response.,234
comment_0_4,post_0,Is apple vision pro worth the price?,https://reddit.com/r/example/post_0,Comment about apple vision pro. This is a sample response.,329
comment_0_5,post_0,Is apple vision pro worth the price?,https://reddit.com/r/example/post_0,Comment about apple vision pro. This is a sample response.,244
comment_0_6,post_0,Is apple vision pro worth the price?,https://reddit.com/r/example/post_0,Comment about apple vision pro. This is a sample response.,367
comment_0_7,post_0,Is apple vision pro worth the price?,https://reddit.com/r/example/post_0,Comment about apple vision pro. This is a sample response.,60
comment_0_8,post_0,Is apple vision pro worth the price?,https://reddit.com/r/example/post_0,Comment about apple vision pro. This is a sample response.,84
comment_0_9,post_0,Is apple vision pro worth the price?,https://reddit.com/r/example/post_0,Comment about apple vision pro. This is a sample response.,186
comment_0_10,post_0,Is apple vision pro worth the price?,https://reddit.com/r/example/post_0,Comment about apple vision pro. This is a sample response.,314
comment_0_11,post_0,Is apple vision pro worth the price?,https://reddit.com/r/example/post_0,Comment about apple vision pro. This is a sample response.,99
comment_0_12,post_0,Is apple vision pro worth the price?,https://reddit.com/r/example/post_0,Comment about apple vision pro. This is a sample response.,418
comment_0_13,post_0,Is apple vision pro worth the price?,https://reddit.com/r/example/post_0,Comment about apple vision pro. This is a sample response.,72
comment_0_14,post_0,Is apple vision pro worth the price?,https://reddit.com/r/example/post_0,Comment about apple vision pro. This is a sample response.,131
comment_0_15,post_0,Is apple vision pro worth the price?,https://reddit.com/r/example/post_0,Comment about apple vision pro. This is a sample response.,211
comment_0_16,post_0,Is apple vision pro worth the price?,https://reddit.com/r/example/post_0,Comment about apple vision pro. This is a sample response.,70
comment_0_17,post_0,Is apple vision pro worth the price?,https://reddit.com/r/example/post_0,Comment about apple vision pro. This is a sample response.,36
comment_0_18,post_0,Is apple vision pro worth the price?,https://reddit.com/r/example/post_0,Comment about apple vision pro. This is a sample response.,146
comment_0_19,post_0,Is apple vision pro worth the price?,https://reddit.com/r/example/post_0,Comment about apple vision pro. This is a sample response.,259
comment_0_20,post_0,Is apple vision pro worth the price?,https://reddit.com/r/example/post_0,Comment about apple vision pro. This is a sample response.,143
comment_0_21,post_0,Is apple vision pro worth the price?,https://reddit.com/r/example/post_0,Comment about apple vision pro. This is a sample response.,343
comment_0_22,post_0,Is apple vision pro worth the price?,https://reddit.com/r/example/post_0,Comment about apple vision pro. This is a sample response.,489
comment_0_23,post_0,Is apple vision pro worth the price?,https://reddit.com/r/example/post_0,Comment about apple vision pro. This is a sample response.,200
comment_1_0,post_1,How does apple vision pro compare to competitors?,https://reddit.com/r/example/post_1,Comment about apple vision pro. This is a sample response.,338
comment_1_1,post_1,How does apple vision pro compare to competitors?,https://reddit.com/r/example/post_1,Comment about apple vision pro. This is a sample response.,252
comment_1_2,post_1,How does apple vision pro compare to competitors?,https://reddit.com/r/example/post_1,Comment about apple vision pro. This is a sample response.,18
comment_1_3,post_1,How does apple vision pro compare to competitors?,https://reddit.com/r/example/post_1,Comment about apple vision pro. This is a sample response.,358
comment_1_4,post_1,How does apple vision pro compare to competitors?,https://reddit.com/r/example/post_1,Comment about apple vision pro. This is a sample response.,303
comment_1_5,post_1,How does apple vision pro compare to competitors?,https://reddit.com/r/example/post_1,Comment about apple vision pro. This is a sample response.,220
comment_1_6,post_1,How does apple vision pro compare to competitors?,https://reddit.com/r/example/post_1,Comment about apple vision pro. This is a sample response.,190
comment_1_7,post_1,How does apple vision pro compare to competitors?,https://reddit.com/r/example/post_1,Comment about apple vision pro. This is a sample response.,261
comment_1_8,post_1,How does apple vision pro compare to competitors?,https://reddit.com/r/example/post_1,Comment about apple vision pro. This is a sample response.,130
comment_1_9,post_1,How does apple vision pro compare to competitors?,https://reddit.com/r/example/post_1,Comment about apple vision pro. This is a sample response.,168
comment_1_10,post_1,How does apple vision pro compare to competitors?,https://reddit.com/r/example/post_1,Comment about apple vision pro. This is a sample response.,378
comment_1_11,post_1,How does apple vision pro compare to competitors?,https://reddit.com/r/example/post_1,Comment about apple vision pro. This is a sample response.,130
comment_1_12,post_1,How does apple vision pro compare to competitors?,https://reddit.com/r/example/post_1,Comment about apple vision pro. This is a sample response.,317
comment_2_0,post_2,What are the pros and cons of apple vision pro?,https://reddit.com/r/example/post_2,Comment about apple vision pro. This is a sample response.,73
comment_2_1,post_2,What are the pros and cons of apple vision pro?,https://reddit.com/r/example/post_2,Comment about apple vision pro. This is a sample response.,120
comment_2_2,post_2,What are the pros and cons of apple vision pro?,https://reddit.com/r/example/post_2,Comment about apple vision pro. This is a sample response.,98
comment_2_3,post_2,What are the pros and cons of apple vision pro?,https://reddit.com/r/example/post_2,Comment about apple vision pro. This is a sample response.,109
comment_2_4,post_2,What are the pros and cons of apple vision pro?,https://reddit.com/r/example/post_2,Comment about apple vision pro. This is a sample response.,470
comment_2_5,post_2,What are the pros and cons of apple vision pro?,https://reddit.com/r/example/post_2,Comment about apple vision pro. This is a sample response.,372
comment_2_6,post_2,What are the pros and cons of apple vision pro?,https://reddit.com/r/example/post_2,Comment about apple vision pro. This is a sample response.,181
comment_2_7,post_2,What are the pros and cons of apple vision pro?,https://reddit.com/r/example/post_2,Comment about apple vision pro. This is a sample response.,392
comment_2_8,post_2,What are the pros and cons of apple vision pro?,https://reddit.com/r/example/post_2,Comment about apple vision pro. This is a sample response.,371
comment_2_9,post_2,What are the pros and cons of apple vision pro?,https://reddit.com/r/example/post_2,Comment about apple vision pro. This is a sample response.,245
comment_2_10,post_2,What are the pros and cons of apple vision pro?,https://reddit.com/r/example/post_2,Comment about apple vision pro. This is a sample response.,364
comment_2_11,post_2,What are the pros and cons of apple vision pro?,https://reddit.com/r/example/post_2,Comment about apple vision pro. This is a sample response.,14
comment_2_12,post_2,What are the pros and cons of apple vision pro?,https://reddit.com/r/example/post_2,Comment about apple vision pro. This is a sample response.,297
comment_2_13,post_2,What are the pros and cons of apple vision pro?,https://reddit.com/r/example/post_2,Comment about apple vision pro. This is a sample response.,340
comment_2_14,post_2,What are the pros and cons of apple vision pro?,https://reddit.com/r/example/post_2,Comment about apple vision pro. This is a sample response.,20
comment_2_15,post_2,What are the pros and cons of apple vision pro?,https://reddit.com/r/example/post_2,Comment about apple vision pro. This is a sample response.,248
comment_2_16,post_2,What are the pros and cons of apple vision pro?,https://reddit.com/r/example/post_2,Comment about apple vision pro. This is a sample response.,464
comment_3_0,post_3,Should I buy apple vision pro in 2025?,https://reddit.com/r/example/post_3,Comment about apple vision pro. This is a sample response.,7
comment_3_1,post_3,Should I buy apple vision pro in 2025?,https://reddit.com/r/example/post_3,Comment about apple vision pro. This is a sample response.,18
comment_3_2,post_3,Should I buy apple vision pro in 2025?,https://reddit.com/r/example/post_3,Comment about apple vision pro. This is a sample response.,58
comment_3_3,post_3,Should I buy apple vision pro in 2025?,https://reddit.com/r/example/post_3,Comment about apple vision pro. This is a sample response.,260
comment_3_4,post_3,Should I buy apple vision pro in 2025?,https://reddit.com/r/example/post_3,Comment about apple vision pro. This is a sample response.,152
comment_3_5,post_3,Should I buy apple vision pro in 2025?,https://reddit.com/r/example/post_3,Comment about apple vision pro. This is a sample response.,319
comment_3_6,post_3,Should I buy apple vision pro in 2025?,https://reddit.com/r/example/post_3,Comment about apple vision pro. This is a sample response.,428
comment_3_7,post_3,Should I buy apple vision pro in 2025?,https://reddit.com/r/example/post_3,Comment about apple vision pro. This is a sample response.,109
comment_3_8,post_3,Should I buy apple vision pro in 2025?,https://reddit.com/r/example/post_3,Comment about apple vision pro. This is a sample response.,181
comment_3_9,post_3,Should I buy apple vision pro in 2025?,https://reddit.com/r/example/post_3,Comment about apple vision pro. This is a sample response.,472
comment_3_10,post_3,Should I buy apple vision pro in 2025?,https://reddit.com/r/example/post_3,Comment about apple vision pro. This is a sample response.,208
comment_3_11,post_3,Should I buy apple vision pro in 2025?,https://reddit.com/r/example/post_3,Comment about apple vision pro. This is a sample response.,355
comment_3_12,post_3,Should I buy apple vision pro in 2025?,https://reddit.com/r/example/post_3,Comment about apple vision pro. This is a sample response.,340
comment_3_13,post_3,Should I buy apple vision pro in 2025?,https://reddit.com/r/example/post_3,Comment about apple vision pro. This is a sample response.,463
comment_4_0,post_4,Anyone have experience with apple vision pro?,https://reddit.com/r/example/post_4,Comment about apple vision pro. This is a sample response.,367
comment_4_1,post_4,Anyone have experience with apple vision pro?,https://reddit.com/r/example/post_4,Comment about apple vision pro. This is a sample response.,235
comment_4_2,post_4,Anyone have experience with apple vision pro?,https://reddit.com/r/example/post_4,Comment about apple vision pro. This is a sample response.,78
comment_4_3,post_4,Anyone have experience with apple vision pro?,https://reddit.com/r/example/post_4,Comment about apple vision pro. This is a sample response.,63
comment_4_4,post_4,Anyone have experience with apple vision pro?,https://reddit.com/r/example/post_4,Comment about apple vision pro. This is a sample response.,107
comment_4_5,post_4,Anyone have experience with apple vision pro?,https://reddit.com/r/example/post_4,Comment about apple vision pro. This is a sample response.,128
comment_4_6,post_4,Anyone have experience with apple vision pro?,https://reddit.com/r/example/post_4,Comment about apple vision pro. This is a sample response.,417
comment_4_7,post_4,Anyone have experience with apple vision pro?,https://reddit.com/r/example/post_4,Comment about apple vision pro. This is a sample response.,412
comment_4_8,post_4,Anyone have experience with apple vision pro?,https://reddit.com/r/example/post_4,Comment about apple vision pro. This is a sample response.,348
comment_4_9,post_4,Anyone have experience with apple vision pro?,https://reddit.com/r/example/post_4,Comment about apple vision pro. This is a sample response.,84
comment_4_10,post_4,Anyone have experience with apple vision pro?,https://reddit.com/r/example/post_4,Comment about apple vision pro. This is a sample response.,31
comment_4_11,post_4,Anyone have experience with apple vision pro?,https://reddit.com/r/example/post_4,Comment about apple vision pro. This is a sample response.,241
comment_4_12,post_4,Anyone have experience with apple vision pro?,https://reddit.com/r/example/post_4,Comment about apple vision pro. This is a sample response.,8
comment_4_13,post_4,Anyone have experience with apple vision pro?,https://reddit.com/r/example/post_4,Comment about apple vision pro. This is a sample response.,53
comment_4_14,post_4,Anyone have experience with apple vision pro?,https://reddit.com/r/example/post_4,Comment about apple vision pro. This is a sample response.,235
comment_4_15,post_4,Anyone have experience with apple vision pro?,https://reddit.com/r/example/post_4,Comment about apple vision pro. This is a sample response.,388
comment_4_16,post_4,Anyone have experience with apple vision pro?,https://reddit.com/r/example/post_4,Comment about apple vision pro. This is a sample response.,381
comment_4_17,post_4,Anyone have experience with apple vision pro?,https://reddit.com/r/example/post_4,Comment about apple vision pro. This is a sample response.,414
comment_4_18,post_4,Anyone have experience with apple vision pro?,https://reddit.com/r/example/post_4,Comment about apple vision pro. This is a sample response.,292
comment_4_19,post_4,Anyone have experience with apple vision pro?,https://reddit.com/r/example/post_4,Comment about apple vision pro. This is a sample response.,163
comment_4_20,post_4,Anyone have experience with apple vision pro?,https://reddit.com/r/example/post_4,Comment about apple vision pro. This is a sample response.,466
comment_4_21,post_4,Anyone have experience with apple vision pro?,https://reddit.com/r/example/post_4,Comment about apple vision pro. This is a sample response.,218
comment_4_22,post_4,Anyone have experience with apple vision pro?,https://reddit.com/r/example/post_4,Comment about apple vision pro. This is a sample response.,91
comment_5_0,post_5,apple vision pro battery life - how long?,https://reddit.com/r/example/post_5,Comment about apple vision pro. This is a sample response.,19
comment_5_1,post_5,apple vision pro battery life - how long?,https://reddit.com/r/example/post_5,Comment about apple vision pro. This is a sample response.,146
comment_5_2,post_5,apple vision pro battery life - how long?,https://reddit.com/r/example/post_5,Comment about apple vision pro. This is a sample response.,410
comment_5_3,post_5,apple vision pro battery life - how long?,https://reddit.com/r/example/post_5,Comment about apple vision pro. This is a sample response.,136
comment_5_4,post_5,apple vision pro battery life - how long?,https://reddit.com/r/example/post_5,Comment about apple vision pro. This is a sample response.,331
comment_5_5,post_5,apple vision pro battery life - how long?,https://reddit.com/r/example/post_5,Comment about apple vision pro. This is a sample response.,441
comment_5_6,post_5,apple vision pro battery life - how long?,https://reddit.com/r/example/post_5,Comment about apple vision pro. This is a sample response.,75
comment_5_7,post_5,apple vision pro battery life - how long?,https://reddit.com/r/example/post_5,Comment about apple vision pro. This is a sample response.,495
comment_5_8,post_5,apple vision pro battery life - how long?,https://reddit.com/r/example/post_5,Comment about apple vision pro. This is a sample response.,157
comment_5_9,post_5,apple vision pro battery life - how long?,https://reddit.com/r/example/post_5,Comment about apple vision pro. This is a sample response.,301
comment_5_10,post_5,apple vision pro battery life - how long?,https://reddit.com/r/example/post_5,Comment about apple vision pro. This is a sample response.,247
comment_5_11,post_5,apple vision pro battery life - how long?,https://reddit.com/r/example/post_5,Comment about apple vision pro. This is a sample response.,12
comment_5_12,post_5,apple vision pro battery life - how long?,https://reddit.com/r/example/post_5,Comment about apple vision pro. This is a sample response.,398
comment_5_13,post_5,apple vision pro battery life - how long?,https://reddit.com/r/example/post_5,Comment about apple vision pro. This is a sample response.,438
comment_5_14,post_5,apple vision pro battery life - how long?,https://reddit.com/r/example/post_5,Comment about apple vision pro. This is a sample response.,171
comment_5_15,post_5,apple vision pro battery life - how long?,https://reddit.com/r/example/post_5,Comment about apple vision pro. This is a sample response.,136
comment_5_16,post_5,apple vision pro battery life - how long?,https://reddit.com/r/example/post_5,Comment about apple vision pro. This is a sample response.,136
comment_5_17,post_5,apple vision pro battery life - how long?,https://reddit.com/r/example/post_5,Comment about apple vision pro. This is a sample response.,450
comment_5_18,post_5,apple vision pro battery life - how long?,https://reddit.com/r/example/post_5,Comment about apple vision pro. This is a sample response.,71
comment_5_19,post_5,apple vision pro battery life - how long?,https://reddit.com/r/example/post_5,Comment about apple vision pro. This is a sample response.,284
comment_5_20,post_5,apple vision pro battery life - how long?,https://reddit.com/r/example/post_5,Comment about apple vision pro. This is a sample response.,349
comment_5_21,post_5,apple vision pro battery life - how long?,https://reddit.com/r/example/post_5,Comment about apple vision pro. This is a sample response.,432
comment_5_22,post_5,apple vision pro battery life - how long?,https://reddit.com/r/example/post_5,Comment about apple vision pro. This is a sample response.,374
comment_6_0,post_6,Is apple vision pro compatible with my setup?,https://reddit.com/r/example/post_6,Comment about apple vision pro. This is a sample response.,144
comment_6_1,post_6,Is apple vision pro compatible with my setup?,https://reddit.com/r/example/post_6,Comment about apple vision pro. This is a sample response.,471
comment_6_2,post_6,Is apple vision pro compatible with my setup?,https://reddit.com/r/example/post_6,Comment about apple vision pro. This is a sample response.,469
comment_6_3,post_6,Is apple vision pro compatible with my setup?,https://reddit.com/r/example/post_6,Comment about apple vision pro. This is a sample response.,333
comment_6_4,post_6,Is apple vision pro compatible with my setup?,https://reddit.com/r/example/post_6,Comment about apple vision pro. This is a sample response.,323
comment_6_5,post_6,Is apple vision pro compatible with my setup?,https://reddit.com/r/example/post_6,Comment about apple vision pro. This is a sample response.,404
comment_6_6,post_6,Is apple vision pro compatible with my setup?,https://reddit.com/r/example/post_6,Comment about apple vision pro. This is a sample response.,233
comment_6_7,post_6,Is apple vision pro compatible with my setup?,https://reddit.com/r/example/post_6,Comment about apple vision pro. This is a sample response.,143
comment_8_0,post_8,Where to buy apple vision pro at best price?,https://reddit.com/r/example/post_8,Comment about apple vision pro. This is a sample response.,60
comment_8_1,post_8,Where to buy apple vision pro at best price?,https://reddit.com/r/example/post_8,Comment about apple vision pro. This is a sample response.,117
comment_8_2,post_8,Where to buy apple vision pro at best price?,https://reddit.com/r/example/post_8,Comment about apple vision pro. This is a sample response.,288
comment_8_3,post_8,Where to buy apple vision pro at best price?,https://reddit.com/r/example/post_8,Comment about apple vision pro. This is a sample response.,283
comment_8_4,post_8,Where to buy apple vision pro at best price?,https://reddit.com/r/example/post_8,Comment about apple vision pro. This is a sample response.,203
comment_8_5,post_8,Where to buy apple vision pro at best price?,https://reddit.com/r/example/post_8,Comment about apple vision pro. This is a sample response.,479
comment_8_6,post_8,Where to buy apple vision pro at best price?,https://reddit.com/r/example/post_8,Comment about apple vision pro. This is a sample response.,198
comment_8_7,post_8,Where to buy apple vision pro at best price?,https://reddit.com/r/example/post_8,Comment about apple vision pro. This is a sample response.,1
comment_8_8,post_8,Where to buy apple vision pro at best price?,https://reddit.com/r/example/post_8,Comment about apple vision pro. This is a sample response.,317
comment_8_9,post_8,Where to buy apple vision pro at best price?,https://reddit.com/r/example/post_8,Comment about apple vision pro. This is a sample response.,177
comment_8_10,post_8,Where to buy apple vision pro at best price?,https://reddit.com/r/example/post_8,Comment about apple vision pro. This is a sample response.,473
comment_8_11,post_8,Where to buy apple vision pro at best price?,https://reddit.com/r/example/post_8,Comment about apple vision pro. This is a sample response.,144
comment_8_12,post_8,Where to buy apple vision pro at best price?,https://reddit.com/r/example/post_8,Comment about apple vision pro. This is a sample response.,376
comment_8_13,post_8,Where to buy apple vision pro at best price?,https://reddit.com/r/example/post_8,Comment about apple vision pro. This is a sample response.,272
comment_8_14,post_8,Where to buy apple vision pro at best price?,https://reddit.com/r/example/post_8,Comment about apple vision pro. This is a sample response.,485
comment_8_15,post_8,Where to buy apple vision pro at best price?,https://reddit.com/r/example/post_8,Comment about apple vision pro. This is a sample response.,318
comment_8_16,post_8,Where to buy apple vision pro at best price?,https://reddit.com/r/example/post_8,Comment about apple vision pro. This is a sample response.,360
comment_9_0,post_9,apple vision pro vs alternatives - which is better?,https://reddit.com/r/example/post_9,Comment about apple vision pro. This is a sample response.,178
comment_9_1,post_9,apple vision pro vs alternatives - which is better?,https://reddit.com/r/example/post_9,Comment about apple vision pro. This is a sample response.,357
comment_9_2,post_9,apple vision pro vs alternatives - which is better?,https://reddit.com/r/example/post_9,Comment about apple vision pro. This is a sample response.,213
comment_9_3,post_9,apple vision pro vs alternatives - which is better?,https://reddit.com/r/example/post_9,Comment about apple vision pro. This is a sample response.,441
comment_9_4,post_9,apple vision pro vs alternatives - which is better?,https://reddit.com/r/example/post_9,Comment about apple vision pro. This is a sample response.,348
comment_9_5,post_9,apple vision pro vs alternatives - which is better?,https://reddit.com/r/example/post_9,Comment about apple vision pro. This is a sample response.,389
comment_9_6,post_9,apple vision pro vs alternatives - which is better?,https://reddit.com/r/example/post_9,Comment about apple vision pro. This is a sample response.,118
comment_9_7,post_9,apple vision pro vs alternatives - which is better?,https://reddit.com/r/example/post_9,Comment about apple vision pro. This is a sample response.,237
comment_9_8,post_9,apple vision pro vs alternatives - which is better?,https://reddit.com/r/example/post_9,Comment about apple vision pro. This is a sample response.,275
comment_9_9,post_9,apple vision pro vs alternatives - which is better?,https://reddit.com/r/example/post_9,Comment about apple vision pro. This is a sample response.,83
comment_9_10,post_9,apple vision pro vs alternatives - which is better?,https://reddit.com/r/example/post_9,Comment about apple vision pro. This is a sample response.,94
comment_9_11,post_9,apple vision pro vs alternatives - which is better?,https://reddit.com/r/example/post_9,Comment about apple vision pro. This is a sample response.,155
comment_9_12,post_9,apple vision pro vs alternatives - which is better?,https://reddit.com/r/example/post_9,Comment about apple vision pro. This is a sample response.,259
comment_9_13,post_9,apple vision pro vs alternatives - which is better?,https://reddit.com/r/example/post_9,Comment about apple vision pro. This is a sample response.,317
comment_9_14,post_9,apple vision pro vs alternatives - which is better?,https://reddit.com/r/example/post_9,Comment about apple vision pro. This is a sample response.,301
comment_9_15,post_9,apple vision pro vs alternatives - which is better?,https://reddit.com/r/example/post_9,Comment about apple vision pro. This is a sample response.,403
comment_9_16,post_9,apple vision pro vs alternatives - which is better?,https://reddit.com/r/example/post_9,Comment about apple vision pro. This is a sample response.,330
comment_9_17,post_9,apple vision pro vs alternatives - which is better?,https://reddit.com/r/example/post_9,Comment about apple vision pro. This is a sample response.,78
comment_9_18,post_9,apple vision pro vs alternatives - which is better?,https://reddit.com/r/example/post_9,Comment about apple vision pro. This is a sample response.,3
comment_9_19,post_9,apple vision pro vs alternatives - which is better?,https://reddit.com/r/example/post_9,Comment about apple vision pro. This is a sample response.,333
comment_9_20,post_9,apple vision pro vs alternatives - which is better?,https://reddit.com/r/example/post_9,Comment about apple vision pro. This is a sample response.,22
comment_9_21,post_9,apple vision pro vs alternatives - which is better?,https://reddit.com/r/example/post_9,Comment about apple vision pro. This is a sample response.,401
comment_10_0,post_10,Is apple vision pro worth the price?,https://reddit.com/r/example/post_10,Comment about apple vision pro. This is a sample response.,161
comment_10_1,post_10,Is apple vision pro worth the price?,https://reddit.com/r/example/post_10,Comment about apple vision pro. This is a sample response.,149
comment_10_2,post_10,Is apple vision pro worth the price?,https://reddit.com/r/example/post_10,Comment about apple vision pro. This is a sample response.,65
comment_11_0,post_11,How does apple vision pro compare to competitors?,https://reddit.com/r/example/post_11,Comment about apple vision pro. This is a sample response.,145
comment_11_1,post_11,How does apple vision pro compare to competitors?,https://reddit.com/r/example/post_11,Comment about apple vision pro. This is a sample response.,498
comment_11_2,post_11,How does apple vision pro compare to competitors?,https://reddit.com/r/example/post_11,Comment about apple vision pro. This is a sample response.,103
comment_11_3,post_11,How does apple vision pro compare to competitors?,https://reddit.com/r/example/post_11,Comment about apple vision pro. This is a sample response.,56
comment_11_4,post_11,How does apple vision pro compare to competitors?,https://reddit.com/r/example/post_11,Comment about apple vision pro. This is a sample response.,29
comment_11_5,post_11,How does apple vision pro compare to competitors?,https://reddit.com/r/example/post_11,Comment about apple vision pro. This is a sample response.,54
comment_11_6,post_11,How does apple vision pro compare to competitors?,https://reddit.com/r/example/post_11,Comment about apple vision pro. This is a sample response.,234
comment_11_7,post_11,How does apple vision pro compare to competitors?,https://reddit.com/r/example/post_11,Comment about apple vision pro. This is a sample response.,143
comment_12_0,post_12,What are the pros and cons of apple vision pro?,https://reddit.com/r/example/post_12,Comment about apple vision pro. This is a sample response.,456
comment_12_1,post_12,What are the pros and cons of apple vision pro?,https://reddit.com/r/example/post_12,Comment about apple vision pro. This is a sample response.,432
comment_12_2,post_12,What are the pros and cons of apple vision pro?,https://reddit.com/r/example/post_12,Comment about apple vision pro. This is a sample response.,443
comment_12_3,post_12,What are the pros and cons of apple vision pro?,https://reddit.com/r/example/post_12,Comment about apple vision pro. This is a sample response.,226
comment_12_4,post_12,What are the pros and cons of apple vision pro?,https://reddit.com/r/example/post_12,Comment about apple vision pro. This is a sample response.,182
comment_12_5,post_12,What are the pros and cons of apple vision pro?,https://reddit.com/r/example/post_12,Comment about apple vision pro. This is a sample response.,422
comment_12_6,post_12,What are the pros and cons of apple vision pro?,https://reddit.com/r/example/post_12,Comment about apple vision pro. This is a sample response.,211
comment_12_7,post_12,What are the pros and cons of apple vision pro?,https://reddit.com/r/example/post_12,Comment about apple vision pro. This is a sample response.,254
comment_12_8,post_12,What are the pros and cons of apple vision pro?,https://reddit.com/r/example/post_12,Comment about apple vision pro. This is a sample response.,133
comment_12_9,post_12,What are the pros and cons of apple vision pro?,https://reddit.com/r/example/post_12,Comment about apple vision pro. This is a sample response.,345
comment_12_10,post_12,What are the pros and cons of apple vision pro?,https://reddit.com/r/example/post_12,Comment about apple vision pro. This is a sample response.,46
comment_12_11,post_12,What are the pros and cons of apple vision pro?,https://reddit.com/r/example/post_12,Comment about apple vision pro. This is a sample response.,202
comment_12_12,post_12,What are the pros and cons of apple vision pro?,https://reddit.com/r/example/post_12,Comment about apple vision pro. This is a sample response.,320
comment_12_13,post_12,What are the pros and cons of apple vision pro?,https://reddit.com/r/example/post_12,Comment about apple vision pro. This is a sample response.,426
comment_12_14,post_12,What are the pros and cons of apple vision pro?,https://reddit.com/r/example/post_12,Comment about apple vision pro. This is a sample response.,351
comment_13_0,post_13,Should I buy apple vision pro in 2025?,https://reddit.com/r/example/post_13,Comment about apple vision pro. This is a sample response.,259
comment_13_1,post_13,Should I buy apple vision pro in 2025?,https://reddit.com/r/example/post_13,Comment about apple vision pro. This is a sample response.,283
comment_13_2,post_13,Should I buy apple vision pro in 2025?,https://reddit.com/r/example/post_13,Comment about apple vision pro. This is a sample response.,101
comment_13_3,post_13,Should I buy apple vision pro in 2025?,https://reddit.com/r/example/post_13,Comment about apple vision pro. This is a sample response.,329
comment_13_4,post_13,Should I buy apple vision pro in 2025?,https://reddit.com/r/example/post_13,Comment about apple vision pro. This is a sample response.,402
comment_13_5,post_13,Should I buy apple vision pro in 2025?,https://reddit.com/r/example/post_13,Comment about apple vision pro. This is a sample response.,208
comment_13_6,post_13,Should I buy apple vision pro in 2025?,https://reddit.com/r/example/post_13,Comment about apple vision pro. This is a sample response.,75
comment_13_7,post_13,Should I buy apple vision pro in 2025?,https://reddit.com/r/example/post_13,Comment about apple vision pro. This is a sample response.,157
comment_13_8,post_13,Should I buy apple vision pro in 2025?,https://reddit.com/r/example/post_13,Comment about apple vision pro. This is a sample response.,151
comment_13_9,post_13,Should I buy apple vision pro in 2025?,https://reddit.com/r/example/post_13,Comment about apple vision pro. This is a sample response.,209
comment_13_10,post_13,Should I buy apple vision pro in 2025?,https://reddit.com/r/example/post_13,Comment about apple vision pro. This is a sample response.,317
comment_13_11,post_13,Should I buy apple vision pro in 2025?,https://reddit.com/r/example/post_13,Comment about apple vision pro. This is a sample response.,20
comment_13_12,post_13,Should I buy apple vision pro in 2025?,https://reddit.com/r/example/post_13,Comment about apple vision pro. This is a sample response.,161
comment_13_13,post_13,Should I buy apple vision pro in 2025?,https://reddit.com/r/example/post_13,Comment about apple vision pro. This is a sample response.,467
comment_13_14,post_13,Should I buy apple vision pro in 2025?,https://reddit.com/r/example/post_13,Comment about apple vision pro. This is a sample response.,8
comment_13_15,post_13,Should I buy apple vision pro in 2025?,https://reddit.com/r/example/post_13,Comment about apple vision pro. This is a sample response.,402
comment_13_16,post_13,Should I buy apple vision pro in 2025?,https://reddit.com/r/example/post_13,Comment about apple vision pro. This is a sample response.,335
comment_13_17,post_13,Should I buy apple vision pro in 2025?,https://reddit.com/r/example/post_13,Comment about apple vision pro. This is a sample response.,324
comment_13_18,post_13,Should I buy apple vision pro in 2025?,https://reddit.com/r/example/post_13,Comment about apple vision pro. This is a sample response.,119
comment_13_19,post_13,Should I buy apple vision pro in 2025?,https://reddit.com/r/example/post_13,Comment about apple vision pro. This is a sample response.,228
comment_13_20,post_13,Should I buy apple vision pro in 2025?,https://reddit.com/r/example/post_13,Comment about apple vision pro. This is a sample response.,217
comment_13_21,post_13,Should I buy apple vision pro in 2025?,https://reddit.com/r/example/post_13,Comment about apple vision pro. This is a sample response.,93
comment_14_0,post_14,Anyone have experience with apple vision pro?,https://reddit.com/r/example/post_14,Comment about apple vision pro. This is a sample response.,465
comment_14_1,post_14,Anyone have experience with apple vision pro?,https://reddit.com/r/example/post_14,Comment about apple vision pro. This is a sample response.,49
comment_14_2,post_14,Anyone have experience with apple vision pro?,https://reddit.com/r/example/post_14,Comment about apple vision pro. This is a sample response.,431
comment_14_3,post_14,Anyone have experience with apple vision pro?,https://reddit.com/r/example/post_14,Comment about apple vision pro. This is a sample response.,290
comment_14_4,post_14,Anyone have experience with apple vision pro?,https://reddit.com/r/example/post_14,Comment about apple vision pro. This is a sample response.,161
comment_14_5,post_14,Anyone have experience with apple vision pro?,https://reddit.com/r/example/post_14,Comment about apple vision pro. This is a sample response.,277
comment_14_6,post_14,Anyone have experience with apple vision pro?,https://reddit.com/r/example/post_14,Comment about apple vision pro. This is a sample response.,398
comment_14_7,post_14,Anyone have experience with apple vision pro?,https://reddit.com/r/example/post_14,Comment about apple vision pro. This is a sample response.,383
comment_14_8,post_14,Anyone have experience with apple vision pro?,https://reddit.com/r/example/post_14,Comment about apple vision pro. This is a sample response.,190
comment_14_9,post_14,Anyone have experience with apple vision pro?,https://reddit.com/r/example/post_14,Comment about apple vision pro. This is a sample response.,42
comment_14_10,post_14,Anyone have experience with apple vision pro?,https://reddit.com/r/example/post_14,Comment about apple vision pro. This is a sample response.,74
comment_14_11,post_14,Anyone have experience with apple vision pro?,https://reddit.com/r/example/post_14,Comment about apple vision pro. This is a sample response.,496
comment_14_12,post_14,Anyone have experience with apple vision pro?,https://reddit.com/r/example/post_14,Comment about apple vision pro. This is a sample response.,225
comment_14_13,post_14,Anyone have experience with apple vision pro?,https://reddit.com/r/example/post_14,Comment about apple vision pro. This is a sample response.,331
comment_14_14,post_14,Anyone have experience with apple vision pro?,https://reddit.com/r/example/post_14,Comment about apple vision pro. This is a sample response.,418
comment_14_15,post_14,Anyone have experience with apple vision pro?,https://reddit.com/r/example/post_14,Comment about apple vision pro. This is a sample response.,187
comment_14_16,post_14,Anyone have experience with apple vision pro?,https://reddit.com/r/example/post_14,Comment about apple vision pro. This is a sample response.,96
comment_14_17,post_14,Anyone have experience with apple vision pro?,https://reddit.com/r/example/post_14,Comment about apple vision pro. This is a sample response.,97
comment_14_18,post_14,Anyone have experience with apple vision pro?,https://reddit.com/r/example/post_14,Comment about apple vision pro. This is a sample response.,340
comment_14_19,post_14,Anyone have experience with apple vision pro?,https://reddit.com/r/example/post_14,Comment about apple vision pro. This is a sample response.,311
comment_14_20,post_14,Anyone have experience with apple vision pro?,https://reddit.com/r/example/post_14,Comment about apple vision pro. This is a sample response.,461
comment_14_21,post_14,Anyone have experience with apple vision pro?,https://reddit.com/r/example/post_14,Comment about apple vision pro. This is a sample response.,323
comment_15_0,post_15,apple vision pro battery life - how long?,https://reddit.com/r/example/post_15,Comment about apple vision pro. This is a sample response.,429
comment_15_1,post_15,apple vision pro battery life - how long?,https://reddit.com/r/example/post_15,Comment about apple vision pro. This is a sample response.,409
comment_15_2,post_15,apple vision pro battery life - how long?,https://reddit.com/r/example/post_15,Comment about apple vision pro. This is a sample response.,273
comment_15_3,post_15,apple vision pro battery life - how long?,https://reddit.com/r/example/post_15,Comment about apple vision pro. This is a sample response.,81
comment_15_4,post_15,apple vision pro battery life - how long?,https://reddit.com/r/example/post_15,Comment about apple vision pro. This is a sample response.,108
comment_15_5,post_15,apple vision pro battery life - how long?,https://reddit.com/r/example/post_15,Comment about apple vision pro. This is a sample response.,374
comment_15_6,post_15,apple vision pro battery life - how long?,https://reddit.com/r/example/post_15,Comment about apple vision pro. This is a sample response.,13
comment_15_7,post_15,apple vision pro battery life - how long?,https://reddit.com/r/example/post_15,Comment about apple vision pro. This is a sample response.,474
comment_15_8,post_15,apple vision pro battery life - how long?,https://reddit.com/r/example/post_15,Comment about apple vision pro. This is a sample response.,490
comment_15_9,post_15,apple vision pro battery life - how long?,https://reddit.com/r/example/post_15,Comment about apple vision pro. This is a sample response.,8
comment_15_10,post_15,apple vision pro battery life - how long?,https://reddit.com/r/example/post_15,Comment about apple vision pro. This is a sample response.,181
comment_15_11,post_15,apple vision pro battery life - how long?,https://reddit.com/r/example/post_15,Comment about apple vision pro. This is a sample response.,224
comment_15_12,post_15,apple vision pro battery life - how long?,https://reddit.com/r/example/post_15,Comment about apple vision pro. This is a sample response.,388
comment_15_13,post_15,apple vision pro battery life - how long?,https://reddit.com/r/example/post_15,Comment about apple vision pro. This is a sample response.,279
comment_15_14,post_15,apple vision pro battery life - how long?,https://reddit.com/r/example/post_15,Comment about apple vision pro. This is a sample response.,260
comment_15_15,post_15,apple vision pro battery life - how long?,https://reddit.com/r/example/post_15,Comment about apple vision pro. This is a sample response.,404
comment_16_0,post_16,Is apple vision pro compatible with my setup?,https://reddit.com/r/example/post_16,Comment about apple vision pro. This is a sample response.,307
comment_16_1,post_16,Is apple vision pro compatible with my setup?,https://reddit.com/r/example/post_16,Comment about apple vision pro. This is a sample response.,275
comment_16_2,post_16,Is apple vision pro compatible with my setup?,https://reddit.com/r/example/post_16,Comment about apple vision pro. This is a sample response.,461
comment_16_3,post_16,Is apple vision pro compatible with my setup?,https://reddit.com/r/example/post_16,Comment about apple vision pro. This is a sample response.,162
comment_16_4,post_16,Is apple vision pro compatible with my setup?,https://reddit.com/r/example/post_16,Comment about apple vision pro. This is a sample response.,12
comment_16_5,post_16,Is apple vision pro compatible with my setup?,https://reddit.com/r/example/post_16,Comment about apple vision pro. This is a sample response.,292
comment_16_6,post_16,Is apple vision pro compatible with my setup?,https://reddit.com/r/example/post_16,Comment about apple vision pro. This is a sample response.,337
comment_17_0,post_17,apple vision pro customer support - any experiences?,https://reddit.com/r/example/post_17,Comment about apple vision pro. This is a sample response.,26
comment_17_1,post_17,apple vision pro customer support - any experiences?,https://reddit.com/r/example/post_17,Comment about apple vision pro. This is a sample response.,243
comment_17_2,post_17,apple vision pro customer support - any experiences?,https://reddit.com/r/example/post_17,Comment about apple vision pro. This is a sample response.,476
comment_17_3,post_17,apple vision pro customer support - any experiences?,https://reddit.com/r/example/post_17,Comment about apple vision pro. This is a sample response.,499
comment_17_4,post_17,apple vision pro customer support - any experiences?,https://reddit.com/r/example/post_17,Comment about apple vision pro. This is a sample response.,228
comment_17_5,post_17,apple vision pro customer support - any experiences?,https://reddit.com/r/example/post_17,Comment about apple vision pro. This is a sample response.,33
comment_17_6,post_17,apple vision pro customer support - any experiences?,https://reddit.com/r/example/post_17,Comment about apple vision pro. This is a sample response.,353
comment_17_7,post_17,apple vision pro customer support - any experiences?,https://reddit.com/r/example/post_17,Comment about apple vision pro. This is a sample response.,381
comment_17_8,post_17,apple vision pro customer support - any experiences?,https://reddit.com/r/example/post_17,Comment about apple vision pro. This is a sample response.,56
comment_17_9,post_17,apple vision pro customer support - any experiences?,https://reddit.com/r/example/post_17,Comment about apple vision pro. This is a sample response.,290
comment_17_10,post_17,apple vision pro customer support - any experiences?,https://reddit.com/r/example/post_17,Comment about apple vision pro. This is a sample response.,43
comment_17_11,post_17,apple vision pro customer support - any experiences?,https://reddit.com/r/example/post_17,Comment about apple vision pro. This is a sample response.,380
comment_17_12,post_17,apple vision pro customer support - any experiences?,https://reddit.com/r/example/post_17,Comment about apple vision pro. This is a sample response.,246
comment_17_13,post_17,apple vision pro customer support - any experiences?,https://reddit.com/r/example/post_17,Comment about apple vision pro. This is a sample response.,98
comment_17_14,post_17,apple vision pro customer support - any experiences?,https://reddit.com/r/example/post_17,Comment about apple vision pro. This is a sample response.,326
comment_17_15,post_17,apple vision pro customer support - any experiences?,https://reddit.com/r/example/post_17,Comment about apple vision pro. This is a sample response.,61
comment_17_16,post_17,apple vision pro customer support - any experiences?,https://reddit.com/r/example/post_17,Comment about apple vision pro. This is a sample response.,21
comment_17_17,post_17,apple vision pro customer support - any experiences?,https://reddit.com/r/example/post_17,Comment about apple vision pro. This is a sample response.,287
comment_17_18,post_17,apple vision pro customer support - any experiences?,https://reddit.com/r/example/post_17,Comment about apple vision pro. This is a sample response.,77
comment_17_19,post_17,apple vision pro customer support - any experiences?,https://reddit.com/r/example/post_17,Comment about apple vision pro. This is a sample response.,10
comment_17_20,post_17,apple vision pro customer support - any experiences?,https://reddit.com/r/example/post_17,Comment about apple vision pro. This is a sample response.,83
comment_17_21,post_17,apple vision pro customer support - any experiences?,https://reddit.com/r/example/post_17,Comment about apple vision pro. This is a sample response.,225
comment_18_0,post_18,Where to buy apple vision pro at best price?,https://reddit.com/r/example/post_18,Comment about apple vision pro. This is a sample response.,495
comment_18_1,post_18,Where to buy apple vision pro at best price?,https://reddit.com/r/example/post_18,Comment about apple vision pro. This is a sample response.,398
comment_18_2,post_18,Where to buy apple vision pro at best price?,https://reddit.com/r/example/post_18,Comment about apple vision pro. This is a sample response.,440
comment_18_3,post_18,Where to buy apple vision pro at best price?,https://reddit.com/r/example/post_18,Comment about apple vision pro. This is a sample response.,456
comment_18_4,post_18,Where to buy apple vision pro at best price?,https://reddit.com/r/example/post_18,Comment about apple vision pro. This is a sample response.,493
comment_18_5,post_18,Where to buy apple vision pro at best price?,https://reddit.com/r/example/post_18,Comment about apple vision pro. This is a sample response.,29
comment_18_6,post_18,Where to buy apple vision pro at best price?,https://reddit.com/r/example/post_18,Comment about apple vision pro. This is a sample response.,489
comment_18_7,post_18,Where to buy apple vision pro at best price?,https://reddit.com/r/example/post_18,Comment about apple vision pro. This is a sample response.,488
comment_18_8,post_18,Where to buy apple vision pro at best price?,https://reddit.com/r/example/post_18,Comment about apple vision pro. This is a sample response.,128
comment_18_9,post_18,Where to buy apple vision pro at best price?,https://reddit.com/r/example/post_18,Comment about apple vision pro. This is a sample response.,42
comment_18_10,post_18,Where to buy apple vision pro at best price?,https://reddit.com/r/example/post_18,Comment about apple vision pro. This is a sample response.,86
comment_19_0,post_19,apple vision pro vs alternatives - which is better?,https://reddit.com/r/example/post_19,Comment about apple vision pro. This is a sample response.,91
comment_19_1,post_19,apple vision pro vs alternatives - which is better?,https://reddit.com/r/example/post_19,Comment about apple vision pro. This is a sample response.,428
comment_19_2,post_19,apple vision pro vs alternatives - which is better?,https://reddit.com/r/example/post_19,Comment about apple vision pro. This is a sample response.,7
comment_19_3,post_19,apple vision pro vs alternatives - which is better?,https://reddit.com/r/example/post_19,Comment about apple vision pro. This is a sample response.,478
comment_19_4,post_19,apple vision pro vs alternatives - which is better?,https://reddit.com/r/example/post_19,Comment about apple vision pro. This is a sample response.,442
comment_19_5,post_19,apple vision pro vs alternatives - which is better?,https://reddit.com/r/example/post_19,Comment about apple vision pro. This is a sample response.,297
comment_19_6,post_19,apple vision pro vs alternatives - which is better?,https://reddit.com/r/example/post_19,Comment about apple vision pro. This is a sample response.,34
comment_19_7,post_19,apple vision pro vs alternatives - which is better?,https://reddit.com/r/example/post_19,Comment about apple vision pro. This is a sample response.,423
comment_19_8,post_19,apple vision pro vs alternatives - which is better?,https://reddit.com/r/example/post_19,Comment about apple vision pro. This is a sample response.,423
comment_19_9,post_19,apple vision pro vs alternatives - which is better?,https://reddit.com/r/example/post_19,Comment about apple vision pro. This is a sample response.,159
comment_19_10,post_19,apple vision pro vs alternatives - which is better?,https://reddit.com/r/example/post_19,Comment about apple vision pro. This is a sample response.,78
comment_19_11,post_19,apple vision pro vs alternatives - which is better?,https://reddit.com/r/example/post_19,Comment about apple vision pro. This is a sample response.,78
comment_19_12,post_19,apple vision pro vs alternatives - which is better?,https://reddit.com/r/example/post_19,Comment about apple vision pro. This is a sample response.,190
comment_19_13,post_19,apple vision pro vs alternatives - which is better?,https://reddit.com/r/example/post_19,Comment about apple vision pro. This is a sample response.,400
comment_19_14,post_19,apple vision pro vs alternatives - which is better?,https://reddit.com/r/example/post_19,Comment about apple vision pro. This is a sample response.,198
comment_19_15,post_19,apple vision pro vs alternatives - which is better?,https://reddit.com/r/example/post_19,Comment about apple vision pro. This is a sample response.,207
comment_19_16,post_19,apple vision pro vs alternatives - which is better?,https://reddit.com/r/example/post_19,Comment about apple vision pro. This is a sample response.,142
comment_19_17,post_19,apple vision pro vs alternatives - which is better?,https://reddit.com/r/example/post_19,Comment about apple vision pro. This is a sample response.,348
comment_19_18,post_19,apple vision pro vs alternatives - which is better?,https://reddit.com/r/example/post_19,Comment about apple vision pro. This is a sample response.,477
comment_19_19,post_19,apple vision pro vs alternatives - which is better?,https://reddit.com/r/example/post_19,Comment about apple vision pro. This is a sample response.,422